Model,Split,Test_Accuracy,F1_Macro,Precision_Macro,Recall_Macro,ROC_AUC,Inference_ms,Training_min,Parameters,GFLOPs
ResNet50,20_80,63.86842105,0.620491442,0.7346708,0.638684211,0.986502872,3.906129473,11.24970181,24786086,0.049572172
DenseNet121,20_80,61.26315789,0.592930438,0.721909139,0.612631579,0.985793668,2.8107083,12.28169868,7707494,0.015414988
MobileNetV2,20_80,61.00657895,0.589064229,0.717065877,0.610065789,0.983629096,1.770024519,7.47651068,3060070,0.00612014
InceptionV3,20_80,56.53947368,0.534739405,0.672777403,0.565394737,0.978924391,2.014739027,9.84264969,23001158,0.046002316
EfficientNetB0,20_80,43.33552632,0.408442721,0.544951328,0.433355263,0.946810248,1.901580346,8.527222741,4851657,0.009703314
