Model,Split,Test_Accuracy,F1_Macro,Precision_Macro,Recall_Macro,ROC_AUC,Inference_ms,Training_min,Parameters,GFLOPs
ResNet50,10_90,58.35672515,0.5620131,0.679395605,0.583567251,0.979179527,3.690012449,6.610845423,24786086,0.049572172
DenseNet121,10_90,56.70175439,0.544971276,0.676843746,0.567017544,0.980630499,3.553547678,8.25300382,7707494,0.015414988
InceptionV3,10_90,52.07017544,0.497142076,0.614256743,0.520701754,0.969358838,2.482546965,6.054852335,23001158,0.046002316
MobileNetV2,10_90,43.7251462,0.403113444,0.579328071,0.437251462,0.965559767,1.91704962,4.545681167,3060070,0.00612014
EfficientNetB0,10_90,41.93567251,0.38880999,0.533794147,0.419356725,0.950231149,2.229502187,5.516348032,4851657,0.009703314
